{
    "CLF_TRAIN": {
        "accuracy": 0.9740714786264891,
        "precision": 0.9630642954856361,
        "recall": 0.9859943977591037,
        "f1": 0.9743944636678201,
        "auc_roc": 0.9956352807602704
    },
    "CLF": {
        "accuracy": 0.9047619047619048,
        "precision": 0.8789473684210526,
        "recall": 0.9382022471910112,
        "f1": 0.907608695652174,
        "auc_roc": 0.9541460046450317
    },
    "REG_TRAIN": {
        "mse": 2085711.8313129365,
        "rmse": 1444.1993738099102,
        "mae": 968.8685803118287,
        "r2": 0.9982740578494564
    },
    "REG": {
        "mse": 9318035.926918821,
        "rmse": 3052.5458107813583,
        "mae": 1964.9085574226679,
        "r2": 0.9926276806549509
    },
    "FEAT_NAMES": [
        "Shop Age",
        "Total Invoices",
        "Average Invoice",
        "Unpaid Invoices",
        "Current Debt",
        "Late Payments"
    ],
    "FEAT_IMP": [
        0.04397812858223915,
        0.015132080763578415,
        0.11028092354536057,
        0.03980135917663574,
        0.03399128466844559,
        0.028565917164087296,
        0.7282503247261047
    ]
}