{
    "CLF_TRAIN": {
        "accuracy": 0.9764397905759162,
        "auc_roc": 0.9961024231791892,
        "f1": 0.9764705882352941
    },
    "CLF": {
        "accuracy": 0.900523560209424,
        "auc_roc": 0.9620898549930101,
        "f1": 0.900523560209424
    },
    "REG_TRAIN": {
        "rmse": 44.522786200547564,
        "mae": 12.908436503505639,
        "r2": 0.9876598549316445
    },
    "REG": {
        "rmse": 97.16313041207908,
        "mae": 41.400638080257956,
        "r2": 0.9441628619320879
    },
    "FEAT_NAMES": [
        "Shop_Age_Years",
        "Days_Since_Last_Order",
        "Order_Freq_Per_Month",
        "Average_Invoice_Value",
        "Total_Trade_Volume",
        "Unpaid_Invoice_Ratio",
        "Debt_To_Volume_Ratio",
        "Late_Payment_History"
    ],
    "FEAT_IMP": [
        0.0586613230407238,
        0.008267030119895935,
        0.05790747329592705,
        0.06685341894626617,
        0.08080346882343292,
        0.3909733295440674,
        0.24701477587223053,
        0.013215861283242702,
        0.07630328834056854
    ]
}