{
    "CLF_TRAIN": {
        "accuracy": 0.9126074498567335,
        "auc_roc": 0.9745445439692615,
        "f1": 0.9144460028050491
    },
    "CLF": {
        "accuracy": 0.8714285714285714,
        "auc_roc": 0.9264979591836735,
        "f1": 0.8773841961852861
    },
    "REG_TRAIN": {
        "rmse": 3648.8654251646685,
        "mae": 895.1036603084841,
        "r2": 0.9940532414596751
    },
    "REG": {
        "rmse": 12923.339794885762,
        "mae": 4690.76372477026,
        "r2": 0.9087569014638315
    },
    "FEAT_NAMES": [
        "Shop_Age_Years",
        "Days_Since_Last_Order",
        "Order_Freq_Per_Month",
        "Average_Invoice_Value",
        "Total_Trade_Volume",
        "Unpaid_Invoice_Ratio",
        "Debt_To_Volume_Ratio",
        "Late_Payment_History"
    ],
    "FEAT_IMP": [
        0.07844740897417068,
        0.006831912323832512,
        0.03282727301120758,
        0.03700794279575348,
        0.04402713105082512,
        0.12789635360240936,
        0.2827604413032532,
        0.024996096268296242,
        0.36520546674728394
    ]
}