{
    "CLF_TRAIN": {
        "accuracy": 0.9740714786264891,
        "precision": 0.9630642954856361,
        "recall": 0.9859943977591037,
        "f1": 0.9743944636678201,
        "auc_roc": 0.9956352807602704
    },
    "CLF": {
        "accuracy": 0.9047619047619048,
        "precision": 0.8789473684210526,
        "recall": 0.9382022471910112,
        "f1": 0.907608695652174,
        "auc_roc": 0.9541460046450317
    },
    "REG_TRAIN": {
        "mse": 1087.8696409297079,
        "rmse": 32.9828689008356,
        "mae": 24.230117592668105,
        "r2": 0.9999990997797301
    },
    "REG": {
        "mse": 3639361.581579542,
        "rmse": 1907.711084409676,
        "mae": 1121.1260878755047,
        "r2": 0.9971205803452639
    },
    "FEAT_NAMES": [
        "Shop Age",
        "Total Invoices",
        "Average Invoice",
        "Unpaid Invoices",
        "Current Debt",
        "Late Payments"
    ],
    "FEAT_IMP": [
        0.0008267128141596913,
        9.207554830936715e-05,
        0.052600469440221786,
        0.01856808550655842,
        0.003047134494408965,
        0.00012966555368620902,
        0.9247358441352844
    ]
}