{
    "CLF_TRAIN": {
        "accuracy": 0.9515706806282722,
        "auc_roc": 0.9909798936432663,
        "f1": 0.9523195876288659
    },
    "CLF": {
        "accuracy": 0.9083769633507853,
        "auc_roc": 0.959211644417642,
        "f1": 0.910941475826972
    },
    "REG_TRAIN": {
        "rmse": 46.315745074252746,
        "mae": 15.288470810387356,
        "r2": 0.9866429006376657
    },
    "REG": {
        "rmse": 96.20575903552333,
        "mae": 41.33279221730524,
        "r2": 0.9452397205216115
    },
    "FEAT_NAMES": [
        "Shop_Age_Years",
        "Days_Since_Last_Order",
        "Order_Freq_Per_Month",
        "Average_Invoice_Value",
        "Total_Trade_Volume",
        "Unpaid_Invoice_Ratio",
        "Debt_To_Volume_Ratio",
        "Late_Payment_History"
    ],
    "FEAT_IMP": [
        0.05323374643921852,
        0.009808233939111233,
        0.067469023168087,
        0.06553706526756287,
        0.074679896235466,
        0.3968990743160248,
        0.23837637901306152,
        0.012755791656672955,
        0.08124080300331116
    ]
}